{
	"$schema": "https://schemas.wp.org/wp/6.8/theme.json",
	"customTemplates": [
		{
			"name": "page-about-us",
			"postTypes": [
				"page"
			],
			"title": "Page without Sidebar"
		}
	],
	"settings": {
		"appearanceTools": true,
		"color": {
			"defaultDuotone": false,
			"defaultPalette": false,
			"duotone": [
				{
					"colors": [
						"#7A5D25",
						"#E8E5D6"
					],
					"name": "Default",
					"slug": "default"
				}
			],
			"gradients": [
				{
					"gradient": "linear-gradient(to bottom,var(--wp--preset--color--primary) 5%,var(--wp--preset--color--foreground) 5%)",
					"name": "default gradient",
					"slug": "default-gradient"
				}
			],
			"palette": [
				{
					"color": "#e8e5d6",
					"name": "Foreground",
					"slug": "foreground"
				},
				{
					"color": "#916e27",
					"name": "Background",
					"slug": "background"
				},
				{
					"color": "#7a5d25",
					"name": "Primary",
					"slug": "primary"
				},
				{
					"color": "#7a5d25",
					"name": "Secondary",
					"slug": "secondary"
				},
				{
					"color": "#e8e5d6",
					"name": "Tertiary",
					"slug": "tertiary"
				}
			]
		},
		"layout": {
			"contentSize": "842px",
			"wideSize": "1280px"
		},
		"spacing": {
			"spacingSizes": [
				{
					"name": "2X-Small",
					"size": "0.5rem",
					"slug": "20"
				},
				{
					"name": "X-Small",
					"size": "clamp(0.5rem, 1vw, 1rem)",
					"slug": "30"
				},
				{
					"name": "Small",
					"size": "clamp(0.75rem, 1.5vw, 1.5rem)",
					"slug": "40"
				},
				{
					"name": "Medium",
					"size": "clamp(1rem, 2vw, 2rem)",
					"slug": "50"
				},
				{
					"name": "Large",
					"size": "clamp(1.5rem, 3vw, 3rem)",
					"slug": "60"
				},
				{
					"name": "X-Large",
					"size": "clamp(2rem, 4vw, 4rem)",
					"slug": "70"
				},
				{
					"name": "2X-Large",
					"size": "clamp(3rem, 6vw, 6rem)",
					"slug": "80"
				}
			],
			"units": [
				"%",
				"px",
				"em",
				"rem",
				"vh",
				"vw"
			]
		},
		"typography": {
			"defaultFontSizes": false,
			"fontFamilies": [
				{
					"fontFamily": "-apple-system,BlinkMacSystemFont,\"Segoe UI\",Roboto,Oxygen-Sans,Ubuntu,Cantarell,\"Helvetica Neue\",sans-serif",
					"name": "System Font",
					"slug": "system-font"
				},
				{
					"fontFace": [
						{
							"fontFamily": "Apfel Grotezk",
							"fontStyle": "normal",
							"fontWeight": "400",
							"src": [
								"file:./assets/fonts/apfel-grotezk/apfel-grotezk_normal_400.otf"
							]
						},
						{
							"fontFamily": "Apfel Grotezk",
							"fontStyle": "normal",
							"fontWeight": "600",
							"src": [
								"file:./assets/fonts/apfel-grotezk/apfel-grotezk_normal_600.otf"
							]
						},
						{
							"fontFamily": "Apfel Grotezk",
							"fontStyle": "normal",
							"fontWeight": "700",
							"src": [
								"file:./assets/fonts/apfel-grotezk/apfel-grotezk_normal_700.otf"
							]
						}
					],
					"fontFamily": "Apfel Grotezk, sans-serif",
					"name": "Apfel Grotezk",
					"slug": "apfel-grotezk"
				},
				{
					"fontFace": [
						{
							"fontFamily": "Basically a Mono",
							"fontStyle": "normal",
							"fontWeight": "400",
							"src": [
								"file:./assets/fonts/basicallyamono/basicallyamono_normal_400.woff2"
							]
						},
						{
							"fontFamily": "Basically a Mono",
							"fontStyle": "italic",
							"fontWeight": "500",
							"src": [
								"file:./assets/fonts/basicallyamono/basicallyamono_normal_500.woff2"
							]
						},
						{
							"fontFamily": "Basically a Mono",
							"fontStyle": "normal",
							"fontWeight": "700",
							"src": [
								"file:./assets/fonts/basicallyamono/basicallyamono_normal_700.woff2"
							]
						}
					],
					"fontFamily": "Basically a Mono, monospace",
					"name": "Basically a Mono",
					"slug": "basicallyamono"
				},
				{
					"fontFace": [
						{
							"fontFamily": "BDO Grotesk",
							"fontStyle": "normal",
							"fontWeight": "100 900",
							"src": [
								"file:./assets/fonts/bdo-grotesk/bdo-grotesk_normal_wght.woff2"
							]
						}
					],
					"fontFamily": "BDO Grotesk, serif",
					"name": "BDO Grotesk",
					"slug": "bdo-grotesk"
				},
				{
					"fontFace": [
						{
							"fontFamily": "Hauora",
							"fontStyle": "normal",
							"fontWeight": "400",
							"src": [
								"file:./assets/fonts/hauora/hauora_normal_400.woff2"
							]
						},
						{
							"fontFamily": "Hauora",
							"fontStyle": "normal",
							"fontWeight": "500",
							"src": [
								"file:./assets/fonts/hauora/hauora_normal_500.woff2"
							]
						},
						{
							"fontFamily": "Hauora",
							"fontStyle": "normal",
							"fontWeight": "700",
							"src": [
								"file:./assets/fonts/hauora/hauora_normal_700.woff2"
							]
						}
					],
					"fontFamily": "Hauora",
					"name": "Hauora",
					"slug": "hauora"
				},
				{
					"fontFace": [
						{
							"fontFamily": "Sinar Reversed",
							"fontStyle": "normal",
							"fontWeight": "400",
							"src": [
								"file:./assets/fonts/sinar-reversed/sinar-reversed_normal_400.woff2"
							]
						},
						{
							"fontFamily": "Sinar Reversed",
							"fontStyle": "normal",
							"fontWeight": "500",
							"src": [
								"file:./assets/fonts/sinar-reversed/sinar-reversed_normal_500.woff2"
							]
						},
						{
							"fontFamily": "Sinar Reversed",
							"fontStyle": "normal",
							"fontWeight": "700",
							"src": [
								"file:./assets/fonts/sinar-reversed/sinar-reversed_normal_700.woff2"
							]
						}
					],
					"fontFamily": "Sinar Reversed",
					"name": "Sinar Reversed",
					"slug": "sinar-reversed"
				}
			],
			"fontSizes": [
				{
					"fluid": {
						"max": "1rem",
						"min": "0.85rem"
					},
					"name": "Small",
					"size": "1rem",
					"slug": "small"
				},
				{
					"fluid": {
						"max": "1.125rem",
						"min": "1rem"
					},
					"name": "Medium",
					"size": "1.125rem",
					"slug": "medium"
				},
				{
					"fluid": {
						"max": "1.5rem",
						"min": "1.25rem"
					},
					"name": "Large",
					"size": "1.5rem",
					"slug": "large"
				}
			]
		},
		"useRootPaddingAwareAlignments": true
	},
	"styles": {
		"blocks": {
			"core/avatar": {
				"border": {
					"radius": "3px"
				},
				"filter": {
					"duotone": "var(--wp--preset--duotone--default)"
				}
			},
			"core/button": {
				"border": {
					"bottom": {
						"color": "var(--wp--preset--color--foreground)",
						"style": "solid",
						"width": "1px"
					},
					"left": {
						"color": "var(--wp--preset--color--foreground)",
						"style": "solid",
						"width": "1px"
					},
					"radius": "3px",
					"right": {
						"color": "var(--wp--preset--color--foreground)",
						"style": "solid",
						"width": "1px"
					},
					"top": {
						"color": "var(--wp--preset--color--foreground)",
						"style": "solid",
						"width": "1px"
					}
				},
				"color": {
					"background": "var(--wp--preset--color--primary)",
					"text": "var(--wp--preset--color--foreground)"
				},
				"spacing": {
					"padding": {
						"bottom": "var(--wp--preset--spacing--40)",
						"left": "var(--wp--preset--spacing--60)",
						"right": "var(--wp--preset--spacing--60)",
						"top": "var(--wp--preset--spacing--40)"
					}
				},
				"typography": {
					"fontSize": "var(--wp--preset--font-size--x-small)",
					"fontStyle": "normal",
					"fontWeight": "700",
					"letterSpacing": "0rem",
					"lineHeight": "1",
					"textTransform": "uppercase"
				},
				"variations": {
					"outline": {
						"border": {
							"bottom": {
								"style": "solid",
								"width": "1px"
							},
							"left": {
								"style": "solid",
								"width": "1px"
							},
							"right": {
								"style": "solid",
								"width": "1px"
							},
							"top": {
								"style": "solid",
								"width": "1px"
							}
						},
						"color": {
							"background": "var(--wp--preset--color--foreground)",
							"text": "var(--wp--preset--color--primary)"
						},
						"spacing": {
							"padding": {
								"bottom": "var(--wp--preset--spacing--40)",
								"left": "var(--wp--preset--spacing--50)",
								"right": "var(--wp--preset--spacing--50)",
								"top": "var(--wp--preset--spacing--40)"
							}
						},
						"typography": {
							"fontSize": "var(--wp--preset--font-size--x-small)",
							"fontStyle": "normal",
							"fontWeight": "700",
							"letterSpacing": "0rem",
							"textTransform": "uppercase"
						}
					}
				}
			},
			"core/buttons": {
				"spacing": {
					"blockGap": "var(--wp--preset--spacing--30)"
				}
			},
			"core/columns": [],
			"core/comment-author-name": {
				"spacing": {
					"padding": {
						"top": "var(--wp--preset--spacing--20)"
					}
				},
				"typography": {
					"fontSize": "var(--wp--preset--font-size--x-small)",
					"fontStyle": "normal",
					"fontWeight": "700",
					"letterSpacing": "0rem",
					"textDecoration": "none",
					"textTransform": "none"
				}
			},
			"core/comment-content": {
				"typography": {
					"fontSize": "var(--wp--preset--font-size--medium)",
					"fontStyle": "normal",
					"fontWeight": "400",
					"letterSpacing": "rem"
				}
			},
			"core/comment-date": {
				"typography": {
					"fontSize": "var(--wp--preset--font-size--x-small)",
					"letterSpacing": "0rem"
				}
			},
			"core/comment-edit-link": {
				"typography": {
					"fontSize": "var(--wp--preset--font-size--x-small)",
					"fontStyle": "normal",
					"fontWeight": "400",
					"letterSpacing": "0rem",
					"textTransform": "uppercase"
				}
			},
			"core/comment-reply-link": {
				"typography": {
					"fontSize": "var(--wp--preset--font-size--x-small)",
					"fontStyle": "normal",
					"fontWeight": "700",
					"letterSpacing": "0rem",
					"textTransform": "uppercase"
				}
			},
			"core/comments-pagination": {
				"typography": {
					"fontSize": "var(--wp--preset--font-size--medium)",
					"fontStyle": "normal",
					"fontWeight": "600"
				}
			},
			"core/cover": {
				"border": {
					"radius": "4px"
				},
				"color": {
					"text": "var(--wp--preset--color--foreground)"
				},
				"elements": {
					"link": {
						"color": {
							"text": "var(--wp--preset--color--foreground)"
						}
					}
				},
				"filter": {
					"duotone": "unset"
				}
			},
			"core/heading": {
				"spacing": {
					"padding": {
						"top": "0"
					}
				}
			},
			"core/image": {
				"elements": {
					"caption": {
						"color": {
							"text": {
								"ref": "styles.color.text"
							}
						}
					}
				},
				"filter": {
					"duotone": "unset"
				}
			},
			"core/navigation": {
				"spacing": {
					"blockGap": "var(--wp--preset--spacing--40)"
				},
				"typography": {
					"fontSize": "var(--wp--preset--font-size--small)",
					"fontStyle": "normal",
					"fontWeight": "700",
					"letterSpacing": "0rem",
					"lineHeight": "1",
					"textTransform": "uppercase"
				}
			},
			"core/post-author": {
				"typography": {
					"fontSize": "var(--wp--preset--font-size--small)",
					"letterSpacing": "0rem"
				}
			},
			"core/post-comments": {
				"spacing": {
					"padding": {
						"top": "var(--wp--custom--spacing--small)"
					}
				}
			},
			"core/post-content": {
				"spacing": {
					"blockGap": "var(--wp--preset--spacing--50)"
				},
				"typography": {
					"fontSize": "var(--wp--preset--font-size--medium)"
				}
			},
			"core/post-date": {
				"typography": {
					"fontSize": "var(--wp--preset--font-size--small)",
					"fontStyle": "normal",
					"fontWeight": "400",
					"letterSpacing": "0.01rem"
				}
			},
			"core/post-excerpt": {
				"typography": {
					"fontSize": "var(--wp--preset--font-size--medium)",
					"fontStyle": "normal",
					"fontWeight": "600"
				}
			},
			"core/post-featured-image": {
				"border": {
					"radius": "1px"
				},
				"filter": {
					"duotone": "unset"
				},
				"spacing": {
					"margin": {
						"bottom": "var(--wp--preset--spacing--40)"
					}
				}
			},
			"core/post-terms": {
				"color": {
					"text": "var(--wp--preset--color--secondary)"
				},
				"elements": {
					"link": {
						"color": {
							"text": "var(--wp--preset--color--secondary)"
						}
					}
				},
				"typography": {
					"fontSize": "var(--wp--preset--font-size--small)",
					"fontStyle": "normal",
					"fontWeight": "400",
					"letterSpacing": "0rem",
					"textTransform": "none"
				}
			},
			"core/post-title": [],
			"core/pullquote": {
				"border": {
					"width": "1px 0"
				}
			},
			"core/query-no-results": {
				"typography": {
					"fontSize": "var(--wp--preset--font-size--medium)",
					"fontStyle": "normal",
					"fontWeight": "700",
					"letterSpacing": "0rem"
				}
			},
			"core/query-pagination": {
				"typography": {
					"fontSize": "var(--wp--preset--font-size--medium)",
					"fontStyle": "normal",
					"fontWeight": "700",
					"letterSpacing": "0rem"
				}
			},
			"core/query-pagination-previous": {
				"typography": {
					"letterSpacing": "0rem"
				}
			},
			"core/query-title": {
				"spacing": {
					"margin": {
						"bottom": "var(--wp--preset--spacing--40)"
					}
				},
				"typography": {
					"fontSize": "var(--wp--preset--font-size--medium)",
					"fontStyle": "normal",
					"fontWeight": "700",
					"letterSpacing": "0rem",
					"lineHeight": "var(--wp--custom--typography--line-height--small)"
				}
			},
			"core/quote": {
				"border": {
					"width": "1px"
				}
			},
			"core/read-more": {
				"typography": {
					"fontSize": "var(--wp--preset--font-size--x-small)",
					"fontStyle": "normal",
					"fontWeight": "600",
					"letterSpacing": "0.01rem",
					"textTransform": "uppercase"
				}
			},
			"core/search": {
				"border": {
					"bottom": {
						"style": "solid",
						"width": "1px"
					},
					"color": null,
					"left": {
						"style": "solid",
						"width": "1px"
					},
					"radius": "2px",
					"right": {
						"style": "solid",
						"width": "1px"
					},
					"style": null,
					"top": {
						"style": "solid",
						"width": "1px"
					},
					"width": null
				},
				"color": {
					"background": "var(--wp--preset--color--primary)",
					"text": "var(--wp--preset--color--foreground)"
				},
				"elements": {
					"link": {
						"color": {
							"text": "var(--wp--preset--color--foreground)"
						}
					}
				},
				"typography": {
					"fontSize": "var(--wp--preset--font-size--medium)"
				}
			},
			"core/site-logo": {
				"filter": {
					"duotone": "var(--wp--preset--duotone--default)"
				}
			},
			"core/site-tagline": {
				"typography": {
					"fontSize": "var(--wp--preset--font-size--x-small)",
					"letterSpacing": "0.01rem"
				}
			},
			"core/site-title": {
				"typography": {
					"fontSize": "var(--wp--preset--font-size--small)",
					"fontStyle": "normal",
					"fontWeight": "700",
					"letterSpacing": "0.01rem",
					"lineHeight": "1",
					"textTransform": "uppercase"
				}
			}
		},
		"color": {
			"background": "var(--wp--preset--color--foreground)",
			"text": "var(--wp--preset--color--primary)"
		},
		"css": ".no-underline a{text-decoration: none;}",
		"elements": {
			"button": {
				":active": {
					"color": {
						"background": "var(--wp--preset--color--background)",
						"text": "var(--wp--preset--color--foreground)"
					}
				},
				":focus": {
					"color": {
						"background": "var(--wp--preset--color--background)",
						"text": "var(--wp--preset--color--foreground)"
					},
					"typography": {
						"textDecoration": "underline"
					}
				},
				":hover": {
					"color": {
						"background": "var(--wp--preset--color--background)",
						"text": "var(--wp--preset--color--foreground)"
					}
				},
				"color": {
					"background": "var(--wp--preset--color--primary)",
					"text": "var(--wp--preset--color--foreground)"
				},
				"typography": {
					"fontSize": "var(--wp--preset--font-size--x-small)",
					"fontStyle": "normal",
					"fontWeight": "600",
					"textDecoration": "none"
				}
			},
			"h1": {
				"typography": {
					"fontSize": "var(--wp--preset--font-size--large)"
				}
			},
			"h2": {
				"typography": {
					"fontSize": "var(--wp--preset--font-size--large)"
				}
			},
			"h3": {
				"typography": {
					"fontSize": "var(--wp--preset--font-size--medium)"
				}
			},
			"h4": {
				"typography": {
					"fontSize": "var(--wp--preset--font-size--medium)"
				}
			},
			"h5": {
				"typography": {
					"fontSize": "var(--wp--preset--font-size--small)",
					"textTransform": "uppercase"
				}
			},
			"h6": {
				"typography": {
					"fontSize": "var(--wp--preset--font-size--small)",
					"textTransform": "uppercase"
				}
			},
			"heading": {
				"typography": {
					"fontStyle": "normal",
					"fontWeight": "700",
					"letterSpacing": "0rem",
					"lineHeight": "1.45"
				}
			},
			"link": {
				":hover": {
					"color": {
						"text": "var(--wp--preset--color--background)"
					}
				},
				"color": {
					"text": "var(--wp--preset--color--primary)"
				},
				"typography": {
					"textDecoration": "underline"
				}
			}
		},
		"spacing": {
			"blockGap": "var(--wp--preset--spacing--40)",
			"padding": {
				"bottom": "0",
				"left": "var(--wp--preset--spacing--50)",
				"right": "var(--wp--preset--spacing--50)",
				"top": "0"
			}
		},
		"typography": {
			"fontFamily": "var(--wp--preset--font-family--hauora)",
			"fontSize": "var(--wp--preset--font-size--small)",
			"fontStyle": "normal",
			"fontWeight": "400",
			"lineHeight": "1.5"
		}
	},
	"templateParts": [
		{
			"area": "header",
			"name": "header",
			"title": "Header"
		},
		{
			"area": "header",
			"name": "header-pages",
			"title": "Header Pages"
		},
		{
			"area": "uncategorized",
			"name": "comments",
			"title": "Comments"
		},
		{
			"area": "footer",
			"name": "footer",
			"title": "Footer"
		},
		{
			"area": "footer",
			"name": "footer-pages",
			"title": "Footer Pages"
		}
	],
	"version": 3
}