{
	"settings": {
		"color": {
			"duotone": [
				{
					"colors": [
						"#471b36",
						"#e8e5d6"
					],
					"name": "Default",
					"slug": "default"
				}
			],
			"palette": [
				{
					"color": "#e8e5d6",
					"name": "Foreground",
					"slug": "foreground"
				},
				{
					"color": "#521e3e",
					"name": "Background",
					"slug": "background"
				},
				{
					"color": "#471b36",
					"name": "Primary",
					"slug": "primary"
				},
				{
					"color": "#471b36",
					"name": "Secondary",
					"slug": "secondary"
				},
				{
					"color": "#e8e5d6",
					"name": "Tertiary",
					"slug": "tertiary"
				}
			]
		}
	},
	"styles": {
		"typography": {
			"fontFamily": "var(--wp--preset--font-family--bdo-grotesk)",
			"fontStyle": "normal",
			"fontWeight": "400",
			"letterSpacing": "0rem"
		}
	},
	"version": 3,
	"title": "Claret"
}