{
	"settings": {
		"color": {
			"duotone": [
				{
					"colors": [
						"#152329",
						"#e8e7e3"
					],
					"name": "Default",
					"slug": "default"
				}
			],
			"palette": [
				{
					"color": "#e8e7e3",
					"name": "Foreground",
					"slug": "foreground"
				},
				{
					"color": "#223844",
					"name": "Background",
					"slug": "background"
				},
				{
					"color": "#152329",
					"name": "Primary",
					"slug": "primary"
				},
				{
					"color": "#152329",
					"name": "Secondary",
					"slug": "secondary"
				},
				{
					"color": "#e8e7e3",
					"name": "Tertiary",
					"slug": "tertiary"
				}
			]
		}
	},
	"styles": {
		"blocks": {
			"core/site-tagline": {
				"typography": {
					"fontFamily": "var(--wp--preset--font-family--basicallyamono)"
				}
			},
			"core/site-title": {
				"typography": {
					"fontFamily": "var(--wp--preset--font-family--basicallyamono)"
				}
			}
		},
		"typography": {
			"fontFamily": "var(--wp--preset--font-family--hauora)",
			"letterSpacing": "0.01rem"
		}
	},
	"version": 3,
	"title": "Dry"
}