{
	"settings": {
		"color": {
			"duotone": [
				{
					"colors": [
						"#123445",
						"#e8e5d6"
					],
					"name": "Default",
					"slug": "default"
				}
			],
			"palette": [
				{
					"color": "#e8e5d6",
					"name": "Foreground",
					"slug": "foreground"
				},
				{
					"color": "#153d51",
					"name": "Background",
					"slug": "background"
				},
				{
					"color": "#123445",
					"name": "Primary",
					"slug": "primary"
				},
				{
					"color": "#123445",
					"name": "Secondary",
					"slug": "secondary"
				},
				{
					"color": "#e8e5d6",
					"name": "Tertiary",
					"slug": "tertiary"
				}
			]
		}
	},
	"styles": {
		"typography": {
			"fontFamily": "var(--wp--preset--font-family--sinar-reversed)",
			"letterSpacing": "0.025rem"
		}
	},
	"version": 3,
	"title": "Expanse"
}