{
	"settings": {
		"color": {
			"duotone": [
				{
					"colors": [
						"#043a2c",
						"#eff7ed"
					],
					"name": "Default",
					"slug": "default"
				}
			],
			"palette": [
				{
					"color": "#e8e5d6",
					"name": "Foreground",
					"slug": "foreground"
				},
				{
					"color": "#1d4e41",
					"name": "Background",
					"slug": "background"
				},
				{
					"color": "#043a2c",
					"name": "Primary",
					"slug": "primary"
				},
				{
					"color": "#043a2c",
					"name": "Secondary",
					"slug": "secondary"
				},
				{
					"color": "#e8e5d6",
					"name": "Tertiary",
					"slug": "tertiary"
				}
			]
		}
	},
	"styles": {
		"typography": {
			"fontFamily": "var(--wp--preset--font-family--apfel-grotezk)",
			"letterSpacing": "0.01rem"
		}
	},
	"version": 3,
	"title": "Moss"
}